"","X","Lat","Lon","Sub_Prop","Food","Healthcare","Other","N_A","Work","Education","Retail","Recreation"
"1",0,42.1672255554165,-70.9055578337029,0.932367149758454,0,0,0,99,0,0,1,192
"2",1,42.267902,-71.093641,0.399232245681382,4,2,0,104,0,2,0,190
"3",2,42.2709470702923,-71.0733790140512,0.316666666666667,0,0,0,103,0,0,1,190
"4",3,42.2746206718122,-71.0937255249337,0.346368715083799,0,0,0,114,0,8,0,204
"5",4,42.2760049875667,-71.0392498226793,0.8743961352657,0,0,0,104,1,0,0,190
"6",5,42.2771946963979,-71.0695561395005,0.6,0,2,0,103,18,8,0,190
"7",6,42.2773889,-71.09325,0.392857142857143,0,0,0,112,0,4,0,200
"8",7,42.2774844420082,-71.1634146795586,0.677966101694915,0,0,0,133,37,9,1,208
"9",8,42.278811581566,-71.1168770306267,0.333333333333333,2,0,0,108,11,2,4,190
"10",9,42.2807251429203,-71.0861724243478,0.608695652173913,2,2,0,104,1,6,0,190
"11",10,42.280728147169,-71.1342375727327,0.640625,4,0,0,97,0,2,0,190
"12",11,42.2819862773391,-71.0714792462022,0.111111111111111,0,0,0,101,0,2,0,194
"13",12,42.2827790107405,-71.1572885141686,0.642105263157895,8,2,0,203,0,2,2,208
"14",13,42.282975678403,-71.0546669829637,0.549295774647887,4,0,0,105,0,6,2,194
"15",14,42.2848447244354,-71.1187451706246,0.196581196581197,0,0,0,102,0,6,0,192
"16",15,42.2856944,-71.0641389,0.687301587301587,8,0,0,127,38,0,2,190
"17",16,42.2862129482461,-71.0794293137224,0.258278145695364,0,0,0,101,10,7,0,196
"18",17,42.2863071601081,-71.1282053218201,0.591968911917098,17,2,0,271,0,8,5,389
"19",18,42.2863319911278,-71.1534475536973,0.618556701030928,16,0,0,369,1,0,6,190
"20",19,42.2863458948631,-71.1367212982805,0.571428571428571,0,0,0,107,0,2,1,200
"21",20,42.287072,-71.127754,0.646812957157785,17,2,0,270,0,8,5,389
"22",21,42.2873611,-71.071111,0.553602811950791,2,2,0,104,21,13,0,196
"23",22,42.290333,-71.071806,0.512,2,2,0,98,16,9,0,190
"24",23,42.2911803479043,-71.117736660035,0.378787878787879,2,0,0,119,0,4,4,192
"25",24,42.2916794287412,-71.0572634640994,0.359223300970874,0,0,0,100,0,2,0,196
"26",25,42.2917562163209,-71.0625918023743,0.59016393442623,0,0,0,103,0,8,0,194
"27",26,42.2926659287273,-71.1211953871407,0.397553516819572,2,0,0,109,0,2,4,190
"28",27,42.292917,-71.06575,0.659147869674185,0,0,0,102,0,8,0,194
"29",28,42.2944167,-71.0783056,0.236559139784946,0,0,0,111,0,6,0,192
"30",29,42.2944257867066,-71.078217607137,0.375,0,0,0,112,0,6,0,192
"31",30,42.2945833,-71.087111,0.45,0,2,0,99,1,2,1,192
"32",31,42.2960670464987,-71.1160119996384,0.708955223880597,8,1,0,136,0,2,45,196
"33",32,42.2979180762216,-71.072718463929,0.3,0,0,0,109,0,6,0,196
"34",33,42.2991649793659,-71.0734587164552,0.39047619047619,0,0,0,104,0,4,0,194
"35",34,42.2996667,-71.0605833,0.604373757455268,14,0,0,114,1,6,3,198
"36",35,42.300664,-71.060295,0.483443708609272,14,0,0,115,1,6,3,200
"37",36,42.300923,-71.114249,0.668032786885246,17,3,1,174,15,2,92,194
"38",37,42.303469,-71.085347,0.354889589905363,4,0,2,100,0,6,0,190
"39",38,42.3041279273902,-71.0792952775955,0.531353135313531,0,0,0,108,1,6,0,192
"40",39,42.3060456272408,-71.1157089100197,0.651162790697674,8,2,2,194,6,8,21,198
"41",40,42.306539,-71.107669,0.802678219771564,6,4,0,175,12,6,3,198
"42",41,42.307852242385,-71.0651224851608,0.711013215859031,0,0,0,101,15,9,0,190
"43",42,42.30791,-71.080952,0.645083932853717,4,2,0,109,21,10,1,196
"44",43,42.309054,-71.11543,0.693975903614458,34,6,3,209,109,8,29,202
"45",44,42.309572,-71.0729,0.696784073506891,0,0,0,100,14,13,0,198
"46",45,42.309796,-71.092225,0.503184713375796,0,0,0,111,0,0,1,204
"47",46,42.310579,-71.107341,0.81052237408725,2,2,1,202,4,6,2,204
"48",47,42.3106,-71.0539,0.691103202846975,8,0,0,123,33,5,1,196
"49",48,42.3121203,-71.1142981,0.73117254528122,40,11,4,182,85,2,32,198
"50",49,42.3121891847561,-71.0364858620324,0.546131805157593,4,0,0,249,2,8,0,190
"51",50,42.313917,-71.04025,0.530085959885387,4,0,0,150,0,8,0,214
"52",51,42.314507,-71.041269,0.911764705882353,4,0,0,148,0,12,0,216
"53",52,42.315692,-71.098634,0.651893634165995,6,4,2,137,52,8,1,190
"54",53,42.316902,-71.091946,0.800872093023256,0,0,0,102,0,8,0,192
"55",54,42.316966,-71.104374,0.696247892074199,8,0,0,137,1,2,3,237
"56",55,42.3172747432745,-71.0653700396779,0.654112221368178,2,0,0,113,22,6,2,190
"57",56,42.317642,-71.056664,0.657720891824938,6,0,0,120,1,6,13,190
"58",57,42.3178602058999,-71.0779862852723,0.64367816091954,0,0,0,103,13,8,0,196
"59",58,42.317873293456,-71.0824307799339,0.784578696343402,2,0,0,105,22,7,0,190
"60",59,42.3186973417224,-71.0697814822197,0.755208333333333,0,0,0,125,0,0,0,194
"61",60,42.3188646821754,-71.0453679786042,0.666666666666667,2,0,0,133,41,13,2,208
"62",61,42.3193094317828,-71.096399238595,0.882629107981221,0,6,1,126,37,4,0,192
"63",62,42.3203397351572,-71.0511803627014,0.649186256781193,0,2,0,108,1,4,1,200
"64",63,42.3203937430426,-71.0535540805176,0.727959697732998,6,2,0,119,0,4,11,198
"65",64,42.320561,-71.06198,0.756618671620994,8,0,0,110,20,6,2,190
"66",65,42.321438141832,-71.091260612011,0.869182389937107,0,0,0,114,0,8,0,210
"67",66,42.3217652572395,-71.1098416056711,0.768671383647799,20,6,2,140,1,10,65,190
"68",67,42.3229311719595,-71.1001414060593,0.80833882663151,2,8,0,129,1,5,1,198
"69",68,42.324081,-71.083235,0.687578419071518,0,0,0,124,1,12,0,194
"70",69,42.325333,-71.075354,0.668346774193548,2,0,0,111,1,10,0,198
"71",70,42.3253843570088,-71.1217759553256,0.671562082777036,4,0,0,118,0,0,3,202
"72",71,42.326599,-71.066498,0.732463295269168,20,0,0,141,0,2,12,206
"73",72,42.3276038704057,-71.110891699791,0.77319944598338,0,4,0,118,0,8,0,198
"74",73,42.3278431747869,-71.1253622174263,0.65615763546798,4,0,0,122,0,8,31,196
"75",74,42.328540462934,-71.084164828062,0.833583208395802,10,0,0,150,2,10,2,200
"76",75,42.3294633,-71.0901582,0.760801781737194,2,2,0,133,1,14,1,206
"77",76,42.3298429935181,-71.0838657245949,0.801966292134832,10,0,0,160,2,12,4,214
"78",77,42.3302307052873,-71.0506009312303,0.661951570366819,2,0,0,121,1,5,0,220
"79",78,42.3304736504152,-71.0570168495178,0.716173232199657,6,0,0,125,0,2,5,196
"80",79,42.331184,-71.095171,0.769386440989789,8,2,0,129,1,18,1,206
"81",80,42.3320960630194,-71.128458827734,0.778301886792453,0,0,0,175,0,6,80,200
"82",81,42.3327439230489,-71.1162668094948,0.69262555626192,34,2,0,152,68,4,8,204
"83",82,42.332799,-71.116205,0.850162866449511,34,2,0,152,68,4,8,204
"84",83,42.332817,-71.081198,0.788213047589032,2,0,0,160,1,2,4,218
"85",84,42.3328628848626,-71.0921886191682,0.777292576419214,9,2,0,151,2,14,0,214
"86",85,42.3329989199507,-71.1163442576253,0.712503712503712,32,2,0,150,66,4,8,202
"87",86,42.3334,-71.02495,0.48253223915592,2,0,2,117,0,0,0,190
"88",87,42.3337647262349,-71.1204644666032,0.778821074595722,28,2,0,166,90,7,7,196
"89",88,42.33392270137,-71.1044650898293,0.793142857142857,28,12,0,160,0,32,3,190
"90",89,42.3346289305598,-71.1040791776759,0.80748997995992,32,14,0,170,0,36,3,196
"91",90,42.3350989929096,-71.0790377855301,0.823954091077379,8,4,0,158,1,4,5,206
"92",91,42.3355430835708,-71.1506151967205,0.656432748538012,26,2,0,143,2,0,6,204
"93",92,42.335693,-71.045859,0.705482775351771,18,0,0,132,1,2,2,192
"94",93,42.335741,-71.03877,0.593000897320856,14,0,0,120,34,6,2,192
"95",94,42.3359589794331,-71.0462289956104,0.647120972002113,18,0,0,136,1,2,2,192
"96",95,42.3362444479688,-71.0879856348038,0.794302564958549,43,0,2,230,3,13,10,219
"97",96,42.336399153725,-71.073067113939,0.87571530758226,14,6,1,185,0,6,3,192
"98",97,42.336448,-71.023739,0.3890994405342,2,0,2,142,1,0,0,196
"99",98,42.3365855545612,-71.0988699646623,0.753580036863746,6,2,0,159,105,40,0,202
"100",99,42.3366479542707,-71.0689445958451,0.857580759254893,0,4,1,154,65,6,3,192
"101",100,42.3367164121051,-71.0688077660234,0.900570497147514,0,4,1,155,67,7,3,192
"102",101,42.3374174845973,-71.1028611660004,0.907452907452907,25,14,0,160,124,43,3,198
"103",102,42.3375860109724,-71.0962709784508,0.61231071228267,8,0,0,165,97,28,2,202
"104",103,42.3382668005804,-71.1389468202833,0.793925111285677,22,0,0,201,0,4,5,192
"105",104,42.338334237199,-71.130509302202,0.817262830482115,4,2,0,105,19,5,1,192
"106",105,42.338514601786,-71.0740408301353,0.883903342102699,16,6,0,196,114,12,3,196
"107",106,42.338629,-71.1065,0.885010906824556,25,20,0,142,94,27,2,200
"108",107,42.3388955964417,-71.0814997561101,0.823427008206914,26,0,0,170,86,9,11,202
"109",108,42.3391085,-71.0514432,0.740868617117936,19,0,0,145,52,2,3,262
"110",109,42.3394945372617,-71.0802078062261,0.766491395793499,30,0,0,168,86,11,11,202
"111",110,42.3397805266895,-71.121333502324,0.815986949429037,54,7,0,168,0,2,28,198
"112",111,42.3401151224924,-71.1006188392639,0.771098901098901,28,6,0,140,92,33,1,196
"113",112,42.3402464476889,-71.1516880617455,0.647879763821793,10,0,0,180,86,2,3,194
"114",113,42.3405426155164,-71.0813884791423,0.830719231312703,28,0,0,190,111,15,18,239
"115",114,42.341332,-71.076847,0.859572612298299,32,2,0,186,97,8,107,200
"116",115,42.3413561576735,-71.0833695345082,0.760500235960359,60,0,0,232,165,20,177,253
"117",116,42.341522,-71.068922,0.870432591348173,38,4,0,198,114,13,11,224
"118",117,42.3415598497246,-71.0688695311546,0.88912399492171,38,4,0,198,113,13,12,224
"119",118,42.3415747187375,-71.0689043998718,0.809154759021555,38,4,0,198,113,13,12,224
"120",119,42.341598,-71.123338,0.821439662132787,72,9,0,209,123,5,37,198
"121",120,42.341814,-71.090179,0.78372928903305,68,2,2,206,3,16,161,239
"122",121,42.3425491373795,-71.0742144938786,0.799211404306946,42,4,0,195,116,6,121,206
"123",122,42.3427811622441,-71.0574727507264,0.804026423403586,18,1,0,143,1,4,4,251
"124",123,42.3428683507196,-71.1412784085587,0.74817221770918,10,10,0,118,0,4,6,190
"125",124,42.3430329113026,-71.0668873043687,0.825242718446602,42,2,0,219,142,11,23,224
"126",125,42.3436658245146,-71.0858237743378,0.760215382265333,85,6,0,315,276,33,291,256
"127",126,42.343749,-71.062256,0.809624165788549,18,0,1,176,92,5,16,202
"128",127,42.3439762483183,-71.085984730862,0.739130434782609,105,6,0,327,294,34,313,258
"129",128,42.3440405100164,-71.0573762655258,0.863062152602324,14,1,0,143,1,4,2,251
"130",129,42.344137,-71.052608,0.855890476762339,12,0,0,128,1,4,4,229
"131",130,42.3446506288783,-71.0973250122697,0.742911004634357,103,13,0,211,149,6,23,547
"132",131,42.344742247728,-71.0764816217579,0.787844036697248,57,6,2,267,10,4,201,402
"133",132,42.344792,-71.044024,0.547181097652161,12,0,1,125,3,0,0,196
"134",133,42.344796,-71.031614,0.834144183989385,10,0,1,115,6,0,0,190
"135",134,42.344827,-71.028664,0.878370786516854,8,0,1,111,6,0,0,190
"136",135,42.3452156211502,-71.0638403149278,0.817339091962499,18,2,1,191,104,9,16,218
"137",136,42.345392,-71.069616,0.779224183120741,54,8,0,213,138,11,17,222
"138",137,42.345733,-71.100694,0.726384959386693,91,13,0,241,184,8,24,603
"139",138,42.345901,-71.063187,0.843125987645453,14,2,1,183,99,7,16,204
"140",139,42.3461970765555,-71.1072868108749,0.782517482517483,38,4,0,145,3,14,10,194
"141",140,42.3465200399841,-71.0806577654512,0.765661897485762,139,10,1,468,359,11,101,554
"142",141,42.346563,-71.128374,0.777604976671851,18,6,0,158,3,4,14,196
"143",142,42.347241,-71.105301,0.829859387923904,61,11,0,207,145,12,180,198
"144",143,42.347265,-71.088088,0.726152731225654,105,13,0,348,269,27,432,567
"145",144,42.3473447317743,-71.1001680795016,0.774488861763808,95,13,0,265,210,10,25,651
"146",145,42.3474062052521,-71.0867841495565,0.686441681468324,146,17,0,455,363,27,555,691
"147",146,42.3477634541475,-71.0453599691391,0.527755644090305,40,0,1,146,3,0,0,196
"148",147,42.3480741231744,-71.0765701532364,0.854269206077466,125,20,2,545,414,13,617,789
"149",148,42.3481,-71.03764,0.604293381037567,36,0,0,122,1,0,1,194
"150",149,42.3482783854263,-71.080448553148,0.779363336992316,181,21,1,634,497,17,737,855
"151",150,42.3483586281704,-71.1399721727685,0.822787159027649,9,8,0,203,3,4,12,307
"152",151,42.348545434112,-71.0655918531575,0.701686121919585,86,14,1,223,210,35,121,247
"153",152,42.348706,-71.097009,0.690961098398169,68,0,0,251,6,16,17,600
"154",153,42.348717,-71.085954,0.706052024333963,168,15,0,463,353,28,560,682
"155",154,42.348762,-71.082383,0.699250896813674,179,17,1,641,482,19,737,855
"156",155,42.3488102618827,-71.041677440553,0.72421661089139,46,0,1,134,4,0,1,194
"157",156,42.3489485723559,-71.1502718925476,0.729658160808859,24,4,0,143,77,15,4,190
"158",157,42.3489528466951,-71.1603167653084,0.58313679245283,12,6,0,108,0,18,0,200
"159",158,42.349224693383,-71.1327530257859,0.819434678666854,63,10,0,242,22,3,48,338
"160",159,42.349243769553,-71.0972820969255,0.79130109137599,66,0,0,241,4,16,12,591
"161",160,42.3494260989252,-71.0620995984391,0.801578354002255,146,8,0,243,257,32,346,253
"162",161,42.34949599514,-71.1005759239197,0.748196721311475,45,3,0,242,169,16,192,378
"163",162,42.3495301689037,-71.1302277074173,0.795779685264664,105,8,0,262,25,4,53,391
"164",163,42.3495440311425,-71.0724207387284,0.805810397553517,103,32,2,535,394,17,480,604
"165",164,42.3495894236824,-71.0794677917329,0.709588353413655,165,26,1,636,461,18,302,833
"166",165,42.3496094533306,-71.1039152369813,0.82948157401624,43,0,0,237,5,24,192,212
"167",166,42.3499282823006,-71.0773920686643,0.747547886817645,131,30,2,661,501,13,736,912
"168",167,42.3499346361189,-71.0773855447769,0.903762029746282,133,30,2,662,504,13,738,914
"169",168,42.350406,-71.108279,0.800413769323602,35,0,0,196,2,24,145,204
"170",169,42.350413,-71.07655,0.762275049988891,125,32,2,667,507,17,739,911
"171",170,42.35057,-71.166491,0.549813532232286,23,0,0,116,29,8,5,235
"172",171,42.3508268066909,-71.0898108780384,0.735692737178621,16,4,0,256,8,12,40,194
"173",172,42.3509614442122,-71.0778281092644,0.677705627705628,102,30,0,564,402,18,628,369
"174",173,42.3510044959467,-71.049300134182,0.751054852320675,60,2,0,220,155,8,9,194
"175",174,42.3511419825475,-71.0732924938202,0.753971014492754,90,30,0,582,431,20,525,204
"176",175,42.351146,-71.066289,0.660609993510707,131,11,0,369,369,45,476,280
"177",176,42.351356,-71.059367,0.796934555186116,192,10,2,301,341,22,16,214
"178",177,42.351478492336,-71.044162200742,0.5,54,2,2,181,117,8,7,194
"179",178,42.3514819346086,-71.044360846281,0.813138841567291,56,2,2,184,121,8,7,194
"180",179,42.3515473479138,-71.121262460947,0.826821541710665,61,10,0,185,112,15,117,216
"181",180,42.3515530846653,-71.0756903143556,0.722844280272423,96,38,0,562,397,19,616,373
"182",181,42.3515860011985,-71.0456925630569,0.72294834178003,68,2,2,208,152,10,8,194
"183",182,42.3516920188597,-71.1190348863602,0.78878729547642,40,12,0,149,77,13,13,212
"184",183,42.3518280689207,-71.0678113811173,0.689920967899307,107,17,0,505,460,36,587,304
"185",184,42.3520426222971,-71.0705780982971,0.56911805363561,65,22,0,568,442,20,492,206
"186",185,42.3520547732205,-71.070486872577,0.596707818930041,67,22,0,576,453,22,501,208
"187",186,42.3521261226759,-71.0759960118594,0.781609195402299,78,34,0,542,372,21,586,364
"188",187,42.352175,-71.055547,0.850146914789422,122,8,2,272,252,4,13,412
"189",188,42.3521903514531,-71.0760041699723,0.714828897338403,72,34,0,538,365,21,578,362
"190",189,42.352261,-71.123831,0.803759715611255,61,8,0,199,125,19,124,210
"191",190,42.352409,-71.062679,0.734456201865882,245,10,1,428,504,39,477,267
"192",191,42.3525669339162,-71.0677054338612,0.707207207207207,97,10,1,580,532,32,542,257
"193",192,42.3525877950702,-71.067649051729,0.708316752884998,97,12,2,576,529,30,541,261
"194",193,42.3527662054561,-71.1598848553331,0.611223799864773,0,0,0,103,0,10,2,192
"195",194,42.3529456978258,-71.0565640080313,0.819759679572764,172,8,2,351,359,4,20,503
"196",195,42.3531780918625,-71.0481735692338,0.719593294861226,69,2,1,207,149,10,177,194
"197",196,42.353334,-71.137313,0.732048025860079,73,6,0,319,25,7,236,427
"198",197,42.3533905070523,-71.0445713996887,0.734836285560923,42,2,2,169,99,8,7,194
"199",198,42.354659,-71.053181,0.820156297574343,129,6,2,297,285,4,310,435
"200",199,42.354979,-71.063348,0.635531946288918,142,4,3,582,559,31,567,1384
"201",200,42.3553350194126,-71.0582291708306,0.81121017005118,238,10,0,437,481,29,565,1131
"202",201,42.3555362848971,-71.0728687047958,0.530129595078413,24,12,4,544,423,14,64,192
"203",202,42.3556012132793,-71.1039447784424,0.910471314349839,4,0,0,226,8,4,3,208
"204",203,42.3558543552201,-71.0545974599881,0.824652512601191,190,8,0,397,427,19,467,547
"205",204,42.356052,-71.069849,0.518449612403101,30,2,6,562,450,12,43,210
"206",205,42.3565609230894,-71.1416753754929,0.729230769230769,18,0,0,158,12,2,7,204
"207",206,42.3566833496993,-71.0616664588451,0.62873619804487,190,6,4,571,575,36,673,1372
"208",207,42.356755,-71.055407,0.790825688073394,215,8,3,447,446,24,547,1104
"209",208,42.357143,-71.050699,0.775679585776289,83,2,6,308,255,0,292,442
"210",209,42.3572185031765,-71.1138716340065,0.861323544407056,0,0,1,169,1,4,4,208
"211",210,42.3573292186771,-71.1467353999615,0.719685955219541,22,4,0,122,4,2,5,205
"212",211,42.357753094652,-71.1039340496063,0.915540263783075,6,0,0,240,12,2,4,214
"213",212,42.3581,-71.093198,0.862111932047525,10,0,2,325,7,12,0,228
"214",213,42.358155,-71.052163,0.742683996491508,119,2,9,407,362,5,427,198
"215",214,42.3587253046216,-71.0707953200654,0.697138869504536,58,5,4,406,311,12,344,194
"216",215,42.35892,-71.057629,0.721255040818334,189,6,4,427,432,36,526,1052
"217",216,42.3595732010904,-71.1012947559357,0.964755567708808,8,0,1,269,27,3,3,220
"218",217,42.3596753637111,-71.1016005517467,0.857142857142857,8,0,1,262,26,3,2,216
"219",218,42.3598025159955,-71.0596078262643,0.77855579868709,159,6,4,388,393,42,463,960
"220",219,42.3598253979878,-71.0597957624486,0.695137976346912,155,6,4,393,397,42,464,966
"221",220,42.3599117611012,-71.0514298081398,0.651277382036313,96,4,9,327,271,5,26,456
"222",221,42.3601849979646,-71.0708659768898,0.682222569065085,60,7,3,353,263,20,292,206
"223",222,42.3602737045493,-71.1285245232739,0.762574595055413,10,0,0,158,2,6,7,190
"224",223,42.3604177463717,-71.0575224354398,0.526315789473684,161,8,4,354,350,31,429,807
"225",224,42.3607929685827,-71.0711896233715,0.705906536932986,52,7,1,339,246,20,270,210
"226",225,42.3612116530798,-71.0653061978974,0.822800120955549,56,13,0,283,230,22,27,205
"227",226,42.3612572164654,-71.0652874410152,0.742950391644909,58,13,0,284,232,22,27,205
"228",227,42.3613583766225,-71.0967027397783,0.849060346109982,46,2,2,358,22,8,9,462
"229",228,42.3615457081725,-71.1377620697021,0.696401515151515,12,6,0,193,2,6,7,206
"230",229,42.3616193207669,-71.0804355052096,0.880135646276249,30,0,0,255,18,4,7,356
"231",230,42.361780439606,-71.1080995202065,0.871540033438603,6,0,0,187,86,4,5,202
"232",231,42.3617874106619,-71.1439311132744,0.700440528634361,6,4,0,124,2,0,6,198
"233",232,42.3621312344991,-71.0911560058594,0.949500263019463,42,2,1,385,22,12,5,194
"234",233,42.3622417865092,-71.0831107199192,0.845545440978958,54,2,0,338,21,4,10,447
"235",234,42.3624278429124,-71.0849547386169,0.916558581928232,62,2,0,381,18,4,10,498
"236",235,42.3625,-71.08822,0.935260190525565,44,2,0,407,27,8,10,200
"237",236,42.3625485440933,-71.0573735833168,0.655241299547892,174,8,4,317,11,12,49,471
"238",237,42.362647791186,-71.1000609397888,0.881141214669718,82,4,0,324,21,11,27,440
"239",238,42.362811,-71.056067,0.615939126952343,174,6,4,287,7,14,54,435
"240",239,42.3631449888246,-71.1229857430772,0.739368165249089,0,0,0,139,1,10,0,196
"241",240,42.3634646930435,-71.1005732417107,0.841553309522,89,10,1,358,22,11,35,526
"242",241,42.3635601584299,-71.0821679234505,0.889315068493151,44,0,0,350,24,4,10,449
"243",242,42.3636929,-71.0875672,0.875239335222486,59,2,0,388,26,2,10,514
"244",243,42.363732,-71.124565,0.855818414322251,4,0,0,154,0,10,1,204
"245",244,42.363796,-71.129164,0.743620585960993,8,0,0,185,2,10,2,225
"246",245,42.363871,-71.050877,0.688474521781064,106,6,4,243,0,14,214,196
"247",246,42.3642634406385,-71.1182756971175,0.787774887680303,0,0,0,157,1,6,1,208
"248",247,42.3643558902798,-71.0695936904267,0.752551918338613,24,8,0,239,172,21,4,220
"249",248,42.3648929326648,-71.0349717736244,0.630032644178455,12,0,3,161,1,2,4,196
"250",249,42.36507,-71.1031,0.883525157477253,89,12,1,419,15,11,41,591
"251",250,42.365444861374,-71.0827714204788,0.879845934857238,46,0,0,287,22,4,6,390
"252",251,42.3655072850565,-71.0801375997653,0.89939469839282,42,2,0,283,16,0,8,385
"253",252,42.365673,-71.064263,0.847248658937532,52,15,3,237,187,2,125,410
"254",253,42.3657579821484,-71.0769939422607,0.816892648339346,14,4,0,229,12,0,7,194
"255",254,42.3659078844508,-71.0644666850567,0.868880618379616,52,15,3,236,189,2,125,409
"256",255,42.3659943286744,-71.095222216145,0.900224215246637,41,2,0,242,9,6,8,369
"257",256,42.3660879738868,-71.0863360390976,0.896339587819133,57,0,0,249,21,6,4,393
"258",257,42.3661622345992,-71.08688293667,0.922040423484119,45,0,0,245,21,6,3,377
"259",258,42.366277,-71.09169,0.87095244254732,31,0,0,270,20,4,5,382
"260",259,42.366426,-71.105495,0.856381163623955,61,16,1,354,16,8,46,482
"261",260,42.366621,-71.114214,0.866361925248723,11,0,0,205,6,10,3,210
"262",261,42.366981,-71.076472,0.725804166076236,16,4,0,225,7,0,7,192
"263",262,42.3676901802448,-71.0711628198624,0.592555929518907,2,0,1,245,162,13,1,210
"264",263,42.3677412230601,-71.0333597474255,0.477987421383648,8,0,2,206,2,4,6,198
"265",264,42.368605242482,-71.0993018560566,0.828268551236749,14,2,0,239,11,6,15,198
"266",265,42.3688440828984,-71.0397782921791,0.711691259931896,51,12,1,395,14,6,37,511
"267",266,42.3691215820655,-71.1163867230971,0.55770380705601,40,0,0,265,8,14,207,204
"268",267,42.3691903176808,-71.1171412467957,0.622522326290568,46,0,0,267,7,14,216,204
"269",268,42.369536,-71.039431,0.809128630705394,55,12,1,397,15,6,41,515
"270",269,42.3695529775651,-71.0857901498093,0.898119122257053,18,4,0,174,5,7,10,204
"271",270,42.369885,-71.069957,0.773820124666073,0,0,2,208,129,11,0,204
"272",271,42.370677,-71.076529,0.852400918438654,20,6,3,286,201,2,11,192
"273",272,42.370744,-71.044201,0.573453608247423,10,2,0,221,2,2,5,204
"274",273,42.370803,-71.104412,0.905804072470739,4,6,0,195,10,4,6,196
"275",274,42.3711972775941,-71.0975986719131,0.888996649620878,42,2,0,306,9,2,30,200
"276",275,42.3715049410032,-71.0724931212098,0.818226682020069,6,0,3,265,4,9,3,200
"277",276,42.371848,-71.060292,0.746856882287799,16,0,1,146,73,0,1,190
"278",277,42.372076579154,-71.0899543390587,0.863968350578211,26,6,0,229,5,7,17,208
"279",278,42.3722168027866,-71.121880710125,0.722367018125814,120,2,1,376,6,28,414,851
"280",279,42.3725086499726,-71.113053560257,0.800828518478142,50,0,2,346,11,20,26,208
"281",280,42.372969,-71.094445,0.837730562689703,30,4,0,267,7,4,18,202
"282",281,42.373231,-71.120886,0.727490918526207,128,2,1,431,8,36,480,973
"283",282,42.373268,-71.118579,0.65650530761963,136,2,2,453,8,36,511,1015
"284",283,42.3733121258247,-71.0410200806291,0.813905930470348,70,20,0,368,17,4,65,472
"285",284,42.373379,-71.111075,0.84719669117647,18,6,2,290,6,20,15,198
"286",285,42.374035,-71.101427,0.953995157384988,30,10,0,251,162,5,21,194
"287",286,42.3740797420976,-71.0327639282696,0.269021739130435,20,2,1,243,2,2,143,251
"288",287,42.3740832024828,-71.032741850795,0.571428571428571,20,2,1,242,2,2,142,250
"289",288,42.3740899142652,-71.0690599679947,0.877683363148479,8,4,0,132,1,8,5,208
"290",289,42.3741126190749,-71.0327750072793,0.328125,20,2,1,244,2,2,143,250
"291",290,42.3741245494265,-71.0548119993837,0.735032091196475,8,0,1,129,4,2,3,190
"292",291,42.3743840851581,-71.1001574621514,0.872631326457184,32,10,0,276,179,3,24,202
"293",292,42.3747862870638,-71.1332023143768,0.806489815253434,0,4,0,116,0,8,0,198
"294",293,42.374878467441,-71.0638349876717,0.775805793553652,18,6,1,134,47,8,9,194
"295",294,42.3750023513783,-71.1487161369951,0.723859315589354,6,0,0,127,2,4,5,190
"296",295,42.3753352254579,-71.0313158484132,0.340869565217391,22,0,1,216,3,6,28,210
"297",296,42.3754491254704,-71.0391854868249,0.742009132420091,66,16,0,322,7,4,169,493
"298",297,42.375603,-71.064608,0.769956683168317,16,6,1,131,41,8,9,194
"299",298,42.376369,-71.114025,0.782453319038685,6,0,2,245,2,38,1,196
"300",299,42.377022,-71.056605,0.737877401646844,4,0,0,136,3,2,2,198
"301",300,42.377945,-71.116865,0.875421145515803,4,0,1,256,1,40,1,204
"302",301,42.378338,-71.048927,0.862628661916073,0,2,0,143,0,0,0,192
"303",302,42.37842,-71.105668,0.861520998864926,12,8,0,249,2,1,9,200
"304",303,42.378965,-71.068607,0.830366225839268,2,2,0,116,0,10,1,202
"305",304,42.379011,-71.119945,0.825260804769002,12,0,0,285,232,41,7,202
"306",305,42.3792732460084,-71.1034190283135,0.881143065161995,22,6,0,501,4,5,22,210
"307",306,42.3795952551438,-71.0953079910905,0.861751152073733,69,4,0,496,398,5,464,196
"308",307,42.3796580971528,-71.0939428024449,0.749883341110593,73,2,0,483,381,5,459,192
"309",308,42.3796714814925,-71.0954931006745,0.794294294294294,69,4,0,497,400,5,465,196
"310",309,42.3796744810342,-71.0939132424028,0.752538860103627,73,2,0,484,380,5,460,192
"311",310,42.379772,-71.027448,0.496674057649667,42,0,0,194,98,6,24,198
"312",311,42.380287,-71.125107,0.849003185089065,2,0,0,197,121,21,1,204
"313",312,42.3803233504542,-71.1087861285523,0.849670938690682,22,4,0,303,2,7,10,208
"314",313,42.3804294744949,-71.0605572167697,0.78818921361856,0,0,0,124,25,7,3,206
"315",314,42.3807881729143,-71.154128909111,0.721902770517512,0,0,0,114,0,4,0,210
"316",315,42.380857,-71.070629,0.851785714285714,0,0,0,119,23,6,0,204
"317",316,42.3809979975628,-71.0872130842836,0.862928348909657,11,0,0,162,4,1,18,255
"318",317,42.3810014303805,-71.1040252261319,0.871201157742402,24,6,0,474,4,5,22,202
"319",318,42.3816506129012,-71.1342698149838,0.84301845221702,18,2,0,129,38,9,15,190
"320",319,42.3816998316368,-71.0837758891739,0.800287356321839,9,0,0,145,4,1,3,250
"321",320,42.3817067592083,-71.0837718658604,0.782774390243902,9,0,0,145,4,1,3,250
"322",321,42.3824037767414,-71.0302430391312,0.446640316205534,16,0,0,142,46,4,11,196
"323",322,42.3826782752186,-71.143478951426,0.706896551724138,0,0,1,136,41,0,0,192
"324",323,42.383405,-71.107593,0.841350961004333,20,6,0,305,203,9,16,208
"325",324,42.3835325201179,-71.0161909461021,0.6875,0,0,0,146,0,4,2,212
"326",325,42.3836340227429,-71.108558140786,0.804020100502513,26,6,0,308,208,9,17,208
"327",326,42.3839322489048,-71.1396127195985,0.820668693009118,4,0,1,155,2,0,10,192
"328",327,42.3844522563584,-71.0751485452965,0.768253968253968,6,0,0,134,41,2,3,204
"329",328,42.3852239358705,-71.0106306896523,0.481698389458272,28,3,1,184,1,0,8,222
"330",329,42.385582,-71.113341,0.835057158410452,20,2,0,242,142,6,17,196
"331",330,42.3856757875291,-71.114121362989,0.825670498084291,20,2,0,232,136,10,15,196
"332",331,42.3861414116396,-71.0782814025879,0.763133640552995,10,0,0,134,2,2,8,190
"333",332,42.3864549961011,-71.0754196427297,1,8,0,0,132,6,0,3,200
"334",333,42.3867480204506,-71.1190187931061,0.829746835443038,44,11,0,379,8,10,307,196
"335",334,42.386781,-71.006098,0.402857142857143,26,3,0,158,1,2,12,200
"336",335,42.386844,-71.09812,0.834920634920635,4,0,0,129,42,13,6,196
"337",336,42.387151,-71.075978,0.737106918238994,10,0,0,134,1,0,4,198
"338",337,42.3871746334831,-71.0871438852882,0.773560209424084,10,6,0,143,1,10,12,196
"339",338,42.3876281075134,-71.0831871628761,0.761474269819193,12,2,0,148,5,12,15,196
"340",339,42.387995,-71.119084,0.85039059935666,38,10,0,384,277,16,306,475
"341",340,42.3882887261642,-71.1107145996721,0.742857142857143,14,2,0,189,94,5,9,194
"342",341,42.388305537644,-71.1106797681168,0.769230769230769,16,2,0,187,93,5,9,194
"343",342,42.388966,-71.132788,0.789554531490015,2,0,1,167,66,11,0,228
"344",343,42.3895243630576,-71.1169414036431,0.836934503713707,20,6,0,318,6,12,17,417
"345",344,42.3904494901843,-71.1085595004715,0.774405250205086,14,2,0,183,87,3,7,198
"346",345,42.3908880172134,-71.1096256971359,0.778571428571429,14,2,0,196,98,0,7,198
"347",346,42.3910843814673,-71.0903942584991,0.704085135599039,10,4,1,160,0,2,14,259
"348",347,42.3912097191586,-71.122607551606,0.829286239882266,42,9,0,315,218,11,30,410
"349",348,42.3918981159186,-71.0974537583024,0.776957163958641,2,2,0,149,1,4,14,194
"350",349,42.3922328400463,-71.0774660110474,0.697516401124649,31,7,1,178,1,0,120,196
"351",350,42.392766,-71.129042,0.802715956242927,4,2,0,249,8,10,16,214
"352",351,42.3932926322516,-71.0724475979805,0.367127496159754,0,0,0,116,0,0,1,191
"353",352,42.3936,-71.143941,0.698062792251169,10,0,0,145,1,0,4,194
"354",353,42.3940722366588,-71.1113369464874,0.757932613673536,2,0,0,163,63,2,4,196
"355",354,42.3951715012157,-71.098505919822,0.735664335664336,0,2,0,135,1,4,4,194
"356",355,42.3955884571671,-71.142606139183,0.721885699236239,10,0,0,139,1,0,1,196
"357",356,42.396105,-71.139459,0.703129486075223,6,0,0,145,0,0,1,202
"358",357,42.396386809455,-71.1201130600602,0.785614941386847,88,17,0,290,211,5,41,680
"359",358,42.3964835824769,-71.0654675990554,0.476510067114094,4,0,0,119,0,0,12,191
"360",359,42.3967858855102,-71.1023729667977,0.81304347826087,2,2,0,123,0,0,1,192
"361",360,42.396969,-71.123024,0.811737396583537,80,14,0,291,203,5,43,656
"362",361,42.3977833996125,-71.1059400446538,0.68951048951049,5,2,0,144,44,0,4,245
"363",362,42.3978221262451,-71.1060666978301,0.885375494071146,5,2,0,144,44,0,4,245
"364",363,42.397828,-71.130516,0.859912216532553,14,2,0,199,4,1,21,204
"365",364,42.3979081736833,-71.1479713081462,0.894648829431438,4,0,0,114,0,0,0,204
"366",365,42.3983605962083,-71.0637384281472,0.653588516746411,4,0,0,109,0,0,10,191
"367",366,42.398365,-71.107818,0.79940119760479,7,2,0,151,52,0,4,254
"368",367,42.3991558871457,-71.1110257359178,0.791848617176128,13,0,0,142,0,6,5,253
"369",368,42.3991825993025,-71.1110445485428,0.737142857142857,13,0,0,141,0,6,5,251
"370",369,42.400877,-71.116772,0.741692789968652,10,2,0,147,0,10,3,210
"371",370,42.4020382806501,-71.1265329148955,0.83778014941302,16,0,0,147,52,2,7,194
"372",371,42.40231703379,-71.1267112942369,0.759708737864078,16,0,0,143,51,4,5,194
"373",372,42.4032805697253,-71.0476263985947,0.317269076305221,12,1,0,152,0,0,9,202
"374",373,42.40413,-71.0613,0.416988416988417,0,0,1,109,0,8,0,202
"375",374,42.40449,-71.123413,0.741823899371069,17,2,0,169,73,8,6,214
"376",375,42.4058117170059,-71.0670885072068,0.428571428571429,4,0,0,114,0,2,1,218
"377",376,42.4061515726635,-71.0604074504954,0.326996197718631,2,0,1,117,0,6,0,202
"378",377,42.406302,-71.132446,0.703107019562716,4,4,0,129,5,4,6,206
"379",378,42.4072594517265,-71.0554638133362,0.5311004784689,14,6,1,169,15,8,21,202
"380",379,42.4091487775453,-71.0459768400506,0.746835443037975,0,0,0,126,31,4,2,196
"381",380,42.4093300667225,-71.0638187829318,0.423880597014925,2,0,0,105,0,0,1,205
"382",381,42.409858775443,-71.0663186760576,0.733333333333333,2,0,0,112,0,2,1,217
"383",382,42.4103469097678,-71.0526045785264,0.375,12,10,0,180,65,4,35,190
"384",383,42.410727138681,-71.0626682267502,0.357142857142857,2,0,0,105,0,0,2,204
"385",384,42.4114322297341,-71.068232650905,0.439330543933054,0,0,0,111,0,2,0,198
"386",385,42.4125045077721,-71.0584222527177,0.472222222222222,0,0,0,103,4,0,2,194
"387",386,42.4142729429399,-71.0447965565982,0.179775280898876,22,3,1,180,61,4,90,200
"388",387,42.4148016099957,-71.0477256031663,0.234234234234234,24,3,1,206,81,4,114,198
